Tanggal	Kode Produk	Nama Produk	Jumlah	Harga
10-04-2020	Item-11	Sabun Cuci Piring	3	14000
10-04-2020	Item-11	Sabun Cuci Piring	3	14000
10-04-2020	Item-11	Sabun Cuci Piring	2	14000
10-04-2020	Item-02	Bawang Putih 200 gram	3	15000
10-04-2020	Item-03	Gula Pasir Putih 1 kg	2	12500
10-04-2020	Item-05	Mi Goreng Instant	2	2600
10-04-2020	Item-11	Sabun Cuci Piring	3	14000
10-04-2020	Item-03	Gula Pasir Putih 1 kg	3	12500
10-04-2020	Item-05	Mi Goreng Instant	2	2600
10-04-2020	Item-11	Sabun Cuci Piring	4	14000
11-04-2020	Item-05	Mi Goreng Instant	2	2600
11-04-2020	Item-07	Sabut Cuci Piring	1	7500
11-04-2020	Item-11	Sabun Cuci Piring	2	14000
11-04-2020	Item-05	Mi Goreng Instant	1	2600
11-04-2020	Item-11	Sabun Cuci Piring	3	14000
11-04-2020	Item-16	Balsem Putih 20 gram	1	22300
11-04-2020	Item-05	Mi Goreng Instant	3	2600
11-04-2020	Item-11	Sabun Cuci Piring	4	14000
11-04-2020	Item-16	Balsem Putih 20 gram	1	22300
11-04-2020	Item-03	Gula Pasir Putih 1 kg	2	12500
11-04-2020	Item-05	Mi Goreng Instant	1	2600
11-04-2020	Item-07	Sabut Cuci Piring	2	7500
11-04-2020	Item-11	Sabun Cuci Piring	3	14000
11-04-2020	Item-02	Bawang Putih 200 gram	1	15000
11-04-2020	Item-03	Gula Pasir Putih 1 kg	2	12500
11-04-2020	Item-05	Mi Goreng Instant	1	2600
11-04-2020	Item-11	Sabun Cuci Piring	2	14000
11-04-2020	Item-17	Obat Batuk	3	5000
11-04-2020	Item-02	Bawang Putih 200 gram	2	15000
11-04-2020	Item-03	Gula Pasir Putih 1 kg	1	12500
11-04-2020	Item-05	Mi Goreng Instant	4	2600
11-04-2020	Item-11	Sabun Cuci Piring	3	14000
11-04-2020	Item-16	Balsem Putih 20 gram	4	22300
11-04-2020	Item-03	Gula Pasir Putih 1 kg	2	12500
11-04-2020	Item-05	Mi Goreng Instant	1	2600
11-04-2020	Item-11	Sabun Cuci Piring	2	14000
11-04-2020	Item-16	Balsem Putih 20 gram	2	22300
11-04-2020	Item-05	Mi Goreng Instant	4	2600
11-04-2020	Item-07	Sabut Cuci Piring	3	7500
11-04-2020	Item-11	Sabun Cuci Piring	4	14000
12-04-2020	Item-05	Mi Goreng Instant	1	2600
12-04-2020	Item-08	Vitamin C	4	2000
12-04-2020	Item-09	Roti Tawar	3	12500
12-04-2020	Item-05	Mi Goreng Instant	1	2600
12-04-2020	Item-08	Vitamin C	4	2000
12-04-2020	Item-09	Roti Tawar	2	12500
12-04-2020	Item-05	Mi Goreng Instant	3	2600
12-04-2020	Item-08	Vitamin C	2	2000
12-04-2020	Item-09	Roti Tawar	4	12500
12-04-2020	Item-03	Gula Pasir Putih 1 kg	2	12500
12-04-2020	Item-05	Mi Goreng Instant	2	2600
12-04-2020	Item-08	Vitamin C	3	2000
12-04-2020	Item-09	Roti Tawar	2	12500
12-04-2020	Item-05	Mi Goreng Instant	1	2600
12-04-2020	Item-08	Vitamin C	4	2000
12-04-2020	Item-11	Sabun Cuci Piring	3	14000
12-04-2020	Item-09	Roti Tawar	1	12500
13-04-2020	Item-13	Pisau Cukur	1	6500
13-04-2020	Item-14	Teh Celup Melati	4	7800
13-04-2020	Item-13	Pisau Cukur	1	6500
13-04-2020	Item-14	Teh Celup Melati	4	7800
13-04-2020	Item-08	Vitamin C	1	2000
13-04-2020	Item-11	Sabun Cuci Piring	2	14000
13-04-2020	Item-02	Bawang Putih 200 gram	4	15000
13-04-2020	Item-03	Gula Pasir Putih 1 kg	3	12500
13-04-2020	Item-11	Sabun Cuci Piring	2	14000
13-04-2020	Item-13	Pisau Cukur	1	6500
13-04-2020	Item-14	Teh Celup Melati	3	7800
13-04-2020	Item-03	Gula Pasir Putih 1 kg	3	12500
13-04-2020	Item-08	Vitamin C	4	2000
13-04-2020	Item-11	Sabun Cuci Piring	3	14000
13-04-2020	Item-13	Pisau Cukur	1	6500
13-04-2020	Item-05	Mi Goreng Instant	1	2600
13-04-2020	Item-08	Vitamin C	4	2000
13-04-2020	Item-11	Sabun Cuci Piring	2	14000
13-04-2020	Item-14	Teh Celup Melati	1	7800
13-04-2020	Item-08	Vitamin C	1	2000
13-04-2020	Item-11	Sabun Cuci Piring	3	14000
13-04-2020	Item-13	Pisau Cukur	2	6500
13-04-2020	Item-02	Bawang Putih 200 gram	3	15000
13-04-2020	Item-03	Gula Pasir Putih 1 kg	3	12500
13-04-2020	Item-11	Sabun Cuci Piring	2	14000
13-04-2020	Item-13	Pisau Cukur	3	6500
13-04-2020	Item-14	Teh Celup Melati	3	7800
14-04-2020	Item-03	Gula Pasir Putih 1 kg	2	12500
14-04-2020	Item-05	Mi Goreng Instant	2	2600
14-04-2020	Item-06	Sabun Mandi Cair 100 ml	2	10500
14-04-2020	Item-14	Teh Celup Melati	4	7800
14-04-2020	Item-14	Teh Celup Melati	1	7800
14-04-2020	Item-02	Bawang Putih 200 gram	2	15000
14-04-2020	Item-03	Gula Pasir Putih 1 kg	1	12500
14-04-2020	Item-05	Mi Goreng Instant	4	2600
14-04-2020	Item-06	Sabun Mandi Cair 100 ml	2	10500
14-04-2020	Item-14	Teh Celup Melati	1	7800
14-04-2020	Item-02	Bawang Putih 200 gram	3	15000
14-04-2020	Item-03	Gula Pasir Putih 1 kg	4	12500
14-04-2020	Item-05	Mi Goreng Instant	4	2600
14-04-2020	Item-06	Sabun Mandi Cair 100 ml	2	10500
14-04-2020	Item-14	Teh Celup Melati	1	7800
14-04-2020	Item-05	Mi Goreng Instant	4	2600
14-04-2020	Item-06	Sabun Mandi Cair 100 ml	1	10500
14-04-2020	Item-14	Teh Celup Melati	1	7800
14-04-2020	Item-11	Sabun Cuci Piring	4	14000
14-04-2020	Item-02	Bawang Putih 200 gram	3	15000
14-04-2020	Item-03	Gula Pasir Putih 1 kg	2	12500
14-04-2020	Item-05	Mi Goreng Instant	3	2600
14-04-2020	Item-06	Sabun Mandi Cair 100 ml	4	10500
14-04-2020	Item-14	Teh Celup Melati	1	7800
14-04-2020	Item-05	Mi Goreng Instant	4	2600
14-04-2020	Item-06	Sabun Mandi Cair 100 ml	3	10500
14-04-2020	Item-13	Pisau Cukur	4	6500
14-04-2020	Item-11	Sabun Cuci Piring	2	14000
14-04-2020	Item-14	Teh Celup Melati	3	7800
14-04-2020	Item-05	Mi Goreng Instant	2	2600
14-04-2020	Item-06	Sabun Mandi Cair 100 ml	1	10500
14-04-2020	Item-14	Teh Celup Melati	2	7800
14-04-2020	Item-03	Gula Pasir Putih 1 kg	4	12500
14-04-2020	Item-05	Mi Goreng Instant	3	2600
14-04-2020	Item-06	Sabun Mandi Cair 100 ml	4	10500
14-04-2020	Item-14	Teh Celup Melati	4	7800
14-04-2020	Item-05	Mi Goreng Instant	4	2600
14-04-2020	Item-06	Sabun Mandi Cair 100 ml	4	10500
14-04-2020	Item-13	Pisau Cukur	4	6500
14-04-2020	Item-02	Bawang Putih 200 gram	4	15000
14-04-2020	Item-03	Gula Pasir Putih 1 kg	3	12500
14-04-2020	Item-05	Mi Goreng Instant	4	2600
14-04-2020	Item-06	Sabun Mandi Cair 100 ml	2	10500
14-04-2020	Item-14	Teh Celup Melati	4	7800
14-04-2020	Item-06	Sabun Mandi Cair 100 ml	2	10500
14-04-2020	Item-14	Teh Celup Melati	1	7800
15-04-2020	Item-06	Sabun Mandi Cair 100 ml	4	10500
15-04-2020	Item-09	Roti Tawar	3	12500
15-04-2020	Item-05	Mi Goreng Instant	1	2600
15-04-2020	Item-06	Sabun Mandi Cair 100 ml	1	10500
15-04-2020	Item-09	Roti Tawar	2	12500
15-04-2020	Item-09	Roti Tawar	2	12500
15-04-2020	Item-03	Gula Pasir Putih 1 kg	2	12500
15-04-2020	Item-05	Mi Goreng Instant	4	2600
15-04-2020	Item-06	Sabun Mandi Cair 100 ml	3	10500
15-04-2020	Item-09	Roti Tawar	1	12500
15-04-2020	Item-02	Bawang Putih 200 gram	1	15000
15-04-2020	Item-03	Gula Pasir Putih 1 kg	4	12500
15-04-2020	Item-05	Mi Goreng Instant	3	2600
15-04-2020	Item-06	Sabun Mandi Cair 100 ml	4	10500
15-04-2020	Item-10	Biskuit Waver Kaleng	4	24000
15-04-2020	Item-06	Sabun Mandi Cair 100 ml	4	10500
15-04-2020	Item-10	Biskuit Waver Kaleng	1	24000
15-04-2020	Item-06	Sabun Mandi Cair 100 ml	3	10500
15-04-2020	Item-10	Biskuit Waver Kaleng	4	24000
15-04-2020	Item-06	Sabun Mandi Cair 100 ml	2	10500
15-04-2020	Item-09	Roti Tawar	2	12500
15-04-2020	Item-06	Sabun Mandi Cair 100 ml	2	10500
15-04-2020	Item-10	Biskuit Waver Kaleng	1	24000
16-04-2020	Item-03	Gula Pasir Putih 1 kg	4	12500
16-04-2020	Item-04	Kopi Instant	4	5200
16-04-2020	Item-05	Mi Goreng Instant	4	2600
16-04-2020	Item-10	Biskuit Waver Kaleng	3	24000
16-04-2020	Item-10	Biskuit Waver Kaleng	2	24000
16-04-2020	Item-04	Kopi Instant	3	5200
16-04-2020	Item-05	Mi Goreng Instant	2	2600
16-04-2020	Item-10	Biskuit Waver Kaleng	4	24000
16-04-2020	Item-06	Sabun Mandi Cair 100 ml	4	10500
16-04-2020	Item-02	Bawang Putih 200 gram	3	15000
16-04-2020	Item-03	Gula Pasir Putih 1 kg	4	12500
16-04-2020	Item-04	Kopi Instant	4	5200
16-04-2020	Item-05	Mi Goreng Instant	2	2600
16-04-2020	Item-06	Sabun Mandi Cair 100 ml	4	10500
16-04-2020	Item-03	Gula Pasir Putih 1 kg	3	12500
16-04-2020	Item-04	Kopi Instant	2	5200
16-04-2020	Item-05	Mi Goreng Instant	4	2600
16-04-2020	Item-06	Sabun Mandi Cair 100 ml	4	10500
16-04-2020	Item-03	Gula Pasir Putih 1 kg	2	12500
16-04-2020	Item-04	Kopi Instant	4	5200
16-04-2020	Item-05	Mi Goreng Instant	2	2600
16-04-2020	Item-06	Sabun Mandi Cair 100 ml	2	10500
16-04-2020	Item-03	Gula Pasir Putih 1 kg	2	12500
16-04-2020	Item-04	Kopi Instant	3	5200
16-04-2020	Item-05	Mi Goreng Instant	3	2600
16-04-2020	Item-06	Sabun Mandi Cair 100 ml	4	10500
16-04-2020	Item-03	Gula Pasir Putih 1 kg	2	12500
16-04-2020	Item-04	Kopi Instant	1	5200
16-04-2020	Item-05	Mi Goreng Instant	3	2600
16-04-2020	Item-10	Biskuit Waver Kaleng	4	24000
16-04-2020	Item-03	Gula Pasir Putih 1 kg	2	12500
16-04-2020	Item-04	Kopi Instant	4	5200
16-04-2020	Item-05	Mi Goreng Instant	4	2600
16-04-2020	Item-06	Sabun Mandi Cair 100 ml	1	10500
17-04-2020	Item-10	Biskuit Waver Kaleng	4	24000
17-04-2020	Item-11	Sabun Cuci Piring	1	14000
17-04-2020	Item-17	Obat Batuk	2	5000
17-04-2020	Item-10	Biskuit Waver Kaleng	3	24000
17-04-2020	Item-10	Biskuit Waver Kaleng	3	24000
17-04-2020	Item-02	Bawang Putih 200 gram	1	15000
17-04-2020	Item-03	Gula Pasir Putih 1 kg	3	12500
17-04-2020	Item-04	Kopi Instant	1	5200
17-04-2020	Item-10	Biskuit Waver Kaleng	1	24000
17-04-2020	Item-11	Sabun Cuci Piring	4	14000
17-04-2020	Item-02	Bawang Putih 200 gram	3	15000
17-04-2020	Item-03	Gula Pasir Putih 1 kg	1	12500
17-04-2020	Item-04	Kopi Instant	3	5200
17-04-2020	Item-10	Biskuit Waver Kaleng	2	24000
17-04-2020	Item-11	Sabun Cuci Piring	2	14000
17-04-2020	Item-03	Gula Pasir Putih 1 kg	2	12500
17-04-2020	Item-04	Kopi Instant	4	5200
17-04-2020	Item-10	Biskuit Waver Kaleng	3	24000
17-04-2020	Item-11	Sabun Cuci Piring	4	14000
17-04-2020	Item-10	Biskuit Waver Kaleng	3	24000
17-04-2020	Item-11	Sabun Cuci Piring	4	14000
17-04-2020	Item-04	Kopi Instant	1	5200
17-04-2020	Item-10	Biskuit Waver Kaleng	2	24000
17-04-2020	Item-11	Sabun Cuci Piring	4	14000
17-04-2020	Item-02	Bawang Putih 200 gram	1	15000
17-04-2020	Item-03	Gula Pasir Putih 1 kg	1	12500
17-04-2020	Item-10	Biskuit Waver Kaleng	1	24000
17-04-2020	Item-11	Sabun Cuci Piring	3	14000
17-04-2020	Item-17	Obat Batuk	1	5000
17-04-2020	Item-04	Kopi Instant	2	5200
17-04-2020	Item-05	Mi Goreng Instant	2	2600
17-04-2020	Item-10	Biskuit Waver Kaleng	1	24000
17-04-2020	Item-04	Kopi Instant	1	5200
17-04-2020	Item-05	Mi Goreng Instant	2	2600
17-04-2020	Item-10	Biskuit Waver Kaleng	3	24000
17-04-2020	Item-10	Biskuit Waver Kaleng	1	24000
17-04-2020	Item-11	Sabun Cuci Piring	3	14000
17-04-2020	Item-02	Bawang Putih 200 gram	2	15000
17-04-2020	Item-03	Gula Pasir Putih 1 kg	1	12500
17-04-2020	Item-04	Kopi Instant	3	5200
17-04-2020	Item-05	Mi Goreng Instant	1	2600
17-04-2020	Item-10	Biskuit Waver Kaleng	3	24000
17-04-2020	Item-11	Sabun Cuci Piring	3	14000
17-04-2020	Item-04	Kopi Instant	4	5200
17-04-2020	Item-10	Biskuit Waver Kaleng	1	24000
17-04-2020	Item-11	Sabun Cuci Piring	3	14000
17-04-2020	Item-04	Kopi Instant	1	5200
17-04-2020	Item-10	Biskuit Waver Kaleng	4	24000
17-04-2020	Item-11	Sabun Cuci Piring	1	14000
17-04-2020	Item-10	Biskuit Waver Kaleng	4	24000
17-04-2020	Item-11	Sabun Cuci Piring	3	14000
18-04-2020	Item-19	Obat Diare	3	5000
18-04-2020	Item-17	Obat Batuk	4	5000
18-04-2020	Item-18	Telur Ayam Negeri	4	1700
18-04-2020	Item-19	Obat Diare	1	5000
18-04-2020	Item-03	Gula Pasir Putih 1 kg	3	12500
18-04-2020	Item-09	Roti Tawar	2	12500
18-04-2020	Item-10	Biskuit Waver Kaleng	1	24000
18-04-2020	Item-17	Obat Batuk	4	5000
18-04-2020	Item-09	Roti Tawar	2	12500
18-04-2020	Item-17	Obat Batuk	2	5000
18-04-2020	Item-18	Telur Ayam Negeri	3	1700
18-04-2020	Item-10	Biskuit Waver Kaleng	2	24000
18-04-2020	Item-17	Obat Batuk	2	5000
18-04-2020	Item-02	Bawang Putih 200 gram	4	15000
18-04-2020	Item-03	Gula Pasir Putih 1 kg	4	12500
18-04-2020	Item-09	Roti Tawar	4	12500
18-04-2020	Item-10	Biskuit Waver Kaleng	1	24000
18-04-2020	Item-17	Obat Batuk	3	5000
18-04-2020	Item-10	Biskuit Waver Kaleng	4	24000
18-04-2020	Item-17	Obat Batuk	1	5000
18-04-2020	Item-03	Gula Pasir Putih 1 kg	4	12500
18-04-2020	Item-09	Roti Tawar	3	12500
18-04-2020	Item-10	Biskuit Waver Kaleng	3	24000
18-04-2020	Item-17	Obat Batuk	3	5000
19-04-2020	Item-01	Batere AA	4	12000
19-04-2020	Item-02	Bawang Putih 200 gram	1	15000
19-04-2020	Item-03	Gula Pasir Putih 1 kg	3	12500
19-04-2020	Item-05	Mi Goreng Instant	1	2600
19-04-2020	Item-08	Vitamin C	3	2000
19-04-2020	Item-08	Vitamin C	3	2000
19-04-2020	Item-08	Vitamin C	4	2000
19-04-2020	Item-02	Bawang Putih 200 gram	1	15000
19-04-2020	Item-03	Gula Pasir Putih 1 kg	2	12500
19-04-2020	Item-09	Roti Tawar	2	12500
19-04-2020	Item-17	Obat Batuk	4	5000
19-04-2020	Item-01	Batere AA	1	12000
19-04-2020	Item-02	Bawang Putih 200 gram	2	15000
19-04-2020	Item-03	Gula Pasir Putih 1 kg	4	12500
19-04-2020	Item-05	Mi Goreng Instant	3	2600
19-04-2020	Item-08	Vitamin C	4	2000
19-04-2020	Item-08	Vitamin C	4	2000
19-04-2020	Item-08	Vitamin C	3	2000
19-04-2020	Item-02	Bawang Putih 200 gram	1	15000
19-04-2020	Item-03	Gula Pasir Putih 1 kg	4	12500
19-04-2020	Item-05	Mi Goreng Instant	1	2600
19-04-2020	Item-08	Vitamin C	4	2000
19-04-2020	Item-08	Vitamin C	2	2000
19-04-2020	Item-02	Bawang Putih 200 gram	3	15000
19-04-2020	Item-03	Gula Pasir Putih 1 kg	2	12500
19-04-2020	Item-05	Mi Goreng Instant	1	2600
19-04-2020	Item-08	Vitamin C	3	2000
19-04-2020	Item-02	Bawang Putih 200 gram	4	15000
19-04-2020	Item-03	Gula Pasir Putih 1 kg	2	12500
19-04-2020	Item-05	Mi Goreng Instant	1	2600
19-04-2020	Item-09	Roti Tawar	4	12500
19-04-2020	Item-05	Mi Goreng Instant	3	2600
19-04-2020	Item-08	Vitamin C	4	2000
19-04-2020	Item-05	Mi Goreng Instant	1	2600
19-04-2020	Item-08	Vitamin C	3	2000
19-04-2020	Item-08	Vitamin C	4	2000
19-04-2020	Item-08	Vitamin C	2	2000
19-04-2020	Item-02	Bawang Putih 200 gram	3	15000
19-04-2020	Item-03	Gula Pasir Putih 1 kg	3	12500
19-04-2020	Item-05	Mi Goreng Instant	3	2600
19-04-2020	Item-08	Vitamin C	2	2000
19-04-2020	Item-03	Gula Pasir Putih 1 kg	1	12500
19-04-2020	Item-05	Mi Goreng Instant	4	2600
19-04-2020	Item-08	Vitamin C	2	2000
19-04-2020	Item-05	Mi Goreng Instant	3	2600
19-04-2020	Item-08	Vitamin C	3	2000
19-04-2020	Item-05	Mi Goreng Instant	4	2600
19-04-2020	Item-08	Vitamin C	2	2000
19-04-2020	Item-03	Gula Pasir Putih 1 kg	2	12500
19-04-2020	Item-05	Mi Goreng Instant	1	2600
19-04-2020	Item-08	Vitamin C	1	2000
20-04-2020	Item-14	Teh Celup Melati	1	7800
20-04-2020	Item-17	Obat Batuk	1	5000
20-04-2020	Item-01	Batere AA	1	12000
20-04-2020	Item-02	Bawang Putih 200 gram	4	15000
20-04-2020	Item-03	Gula Pasir Putih 1 kg	2	12500
20-04-2020	Item-14	Teh Celup Melati	4	7800
20-04-2020	Item-17	Obat Batuk	1	5000
20-04-2020	Item-02	Bawang Putih 200 gram	4	15000
20-04-2020	Item-03	Gula Pasir Putih 1 kg	1	12500
20-04-2020	Item-09	Roti Tawar	2	12500
20-04-2020	Item-14	Teh Celup Melati	4	7800
20-04-2020	Item-03	Gula Pasir Putih 1 kg	2	12500
20-04-2020	Item-17	Obat Batuk	3	5000
20-04-2020	Item-18	Telur Ayam Negeri	4	1700
20-04-2020	Item-03	Gula Pasir Putih 1 kg	3	12500
20-04-2020	Item-17	Obat Batuk	2	5000
20-04-2020	Item-18	Telur Ayam Negeri	3	1700
20-04-2020	Item-18	Telur Ayam Negeri	2	1700
20-04-2020	Item-01	Batere AA	4	12000
20-04-2020	Item-02	Bawang Putih 200 gram	1	15000
20-04-2020	Item-03	Gula Pasir Putih 1 kg	3	12500
20-04-2020	Item-14	Teh Celup Melati	2	7800
20-04-2020	Item-17	Obat Batuk	1	5000
20-04-2020	Item-02	Bawang Putih 200 gram	4	15000
20-04-2020	Item-03	Gula Pasir Putih 1 kg	3	12500
20-04-2020	Item-17	Obat Batuk	1	5000
20-04-2020	Item-18	Telur Ayam Negeri	2	1700
20-04-2020	Item-09	Roti Tawar	3	12500
20-04-2020	Item-14	Teh Celup Melati	1	7800
20-04-2020	Item-17	Obat Batuk	4	5000
20-04-2020	Item-01	Batere AA	4	12000
20-04-2020	Item-02	Bawang Putih 200 gram	2	15000
20-04-2020	Item-03	Gula Pasir Putih 1 kg	3	12500
20-04-2020	Item-14	Teh Celup Melati	2	7800
20-04-2020	Item-17	Obat Batuk	3	5000
20-04-2020	Mita, Item-02	Bawang Putih 200 gram	3	15000
20-04-2020	Mita, Item-03	Gula Pasir Putih 1 kg	4	12500
20-04-2020	Mita, Item-14	Teh Celup Melati	4	7800
20-04-2020	Mita, Item-17	Obat Batuk	2	5000
20-04-2020	Item-03	Gula Pasir Putih 1 kg	2	12500
20-04-2020	Item-14	Teh Celup Melati	1	7800
20-04-2020	Item-17	Obat Batuk	4	5000
20-04-2020	Item-17	Obat Batuk	3	5000
20-04-2020	Item-18	Telur Ayam Negeri	4	1700
20-04-2020	Item-17	Obat Batuk	2	5000
20-04-2020	Item-18	Telur Ayam Negeri	1	1700
20-04-2020	Item-03	Gula Pasir Putih 1 kg	3	12500
20-04-2020	Item-14	Teh Celup Melati	1	7800
20-04-2020	Item-17	Obat Batuk	2	5000
20-04-2020	Item-03	Gula Pasir Putih 1 kg	1	12500
20-04-2020	Item-17	Obat Batuk	4	5000
20-04-2020	Item-18	Telur Ayam Negeri	4	1700
20-04-2020	Item-03	Gula Pasir Putih 1 kg	1	12500
20-04-2020	Item-17	Obat Batuk	1	5000
20-04-2020	Item-18	Telur Ayam Negeri	2	1700
21-04-2020	Item-15	Ketan Hitam 500 gram	3	18000
21-04-2020	Item-02	Bawang Putih 200 gram	2	15000
21-04-2020	Item-03	Gula Pasir Putih 1 kg	1	12500
21-04-2020	Item-06	Sabun Mandi Cair 100 ml	4	10500
21-04-2020	Item-09	Roti Tawar	2	12500
21-04-2020	Item-06	Sabun Mandi Cair 100 ml	4	10500
21-04-2020	Item-09	Roti Tawar	2	12500
21-04-2020	Item-09	Roti Tawar	3	12500
21-04-2020	Item-03	Gula Pasir Putih 1 kg	2	12500
21-04-2020	Item-06	Sabun Mandi Cair 100 ml	3	10500
21-04-2020	Item-09	Roti Tawar	2	12500
21-04-2020	Item-01	Batere AA	4	12000
21-04-2020	Item-02	Bawang Putih 200 gram	1	15000
21-04-2020	Item-03	Gula Pasir Putih 1 kg	3	12500
21-04-2020	Item-06	Sabun Mandi Cair 100 ml	4	10500
21-04-2020	Item-09	Roti Tawar	3	12500
21-04-2020	Item-09	Roti Tawar	2	12500
21-04-2020	Item-03	Gula Pasir Putih 1 kg	1	12500
21-04-2020	Item-06	Sabun Mandi Cair 100 ml	2	10500
21-04-2020	Item-15	Ketan Hitam 500 gram	4	18000
21-04-2020	Item-02	Bawang Putih 200 gram	4	15000
21-04-2020	Item-03	Gula Pasir Putih 1 kg	3	12500
21-04-2020	Item-06	Sabun Mandi Cair 100 ml	1	10500
21-04-2020	Item-09	Roti Tawar	4	12500
22-04-2020	Item-07	Sabut Cuci Piring	3	7500
22-04-2020	Item-01	Batere AA	4	12000
22-04-2020	Item-02	Bawang Putih 200 gram	3	15000
22-04-2020	Item-03	Gula Pasir Putih 1 kg	1	12500
22-04-2020	Item-06	Sabun Mandi Cair 100 ml	3	10500
22-04-2020	Item-15	Ketan Hitam 500 gram	3	18000
22-04-2020	Item-15	Ketan Hitam 500 gram	2	18000
22-04-2020	Item-03	Gula Pasir Putih 1 kg	4	12500
22-04-2020	Item-06	Sabun Mandi Cair 100 ml	3	10500
22-04-2020	Item-15	Ketan Hitam 500 gram	2	18000
22-04-2020	Item-07	Sabut Cuci Piring	3	7500
22-04-2020	Item-03	Gula Pasir Putih 1 kg	1	12500
22-04-2020	Item-06	Sabun Mandi Cair 100 ml	1	10500
22-04-2020	Item-07	Sabut Cuci Piring	2	7500
22-04-2020	Item-01	Batere AA	2	12000
22-04-2020	Item-02	Bawang Putih 200 gram	2	15000
22-04-2020	Item-03	Gula Pasir Putih 1 kg	1	12500
22-04-2020	Item-06	Sabun Mandi Cair 100 ml	1	10500
22-04-2020	Item-15	Ketan Hitam 500 gram	2	18000
22-04-2020	Item-01	Batere AA	4	12000
22-04-2020	Item-02	Bawang Putih 200 gram	4	15000
22-04-2020	Item-03	Gula Pasir Putih 1 kg	1	12500
22-04-2020	Item-06	Sabun Mandi Cair 100 ml	1	10500
22-04-2020	Item-15	Ketan Hitam 500 gram	1	18000
22-04-2020	Item-07	Sabut Cuci Piring	1	7500
22-04-2020	Item-06	Sabun Mandi Cair 100 ml	1	10500
22-04-2020	Item-15	Ketan Hitam 500 gram	2	18000
22-04-2020	Item-06	Sabun Mandi Cair 100 ml	3	10500
22-04-2020	Item-15	Ketan Hitam 500 gram	1	18000
22-04-2020	Item-07	Sabut Cuci Piring	3	7500
22-04-2020	Item-03	Gula Pasir Putih 1 kg	3	12500
22-04-2020	Item-06	Sabun Mandi Cair 100 ml	1	10500
22-04-2020	Item-15	Ketan Hitam 500 gram	2	18000
22-04-2020	Item-15	Ketan Hitam 500 gram	1	18000
22-04-2020	Item-02	Bawang Putih 200 gram	1	15000
22-04-2020	Item-03	Gula Pasir Putih 1 kg	1	12500
22-04-2020	Item-06	Sabun Mandi Cair 100 ml	2	10500
22-04-2020	Item-07	Sabut Cuci Piring	3	7500
23-04-2020	Item-09	Roti Tawar	3	12500
23-04-2020	Item-03	Gula Pasir Putih 1 kg	1	12500
23-04-2020	Item-06	Sabun Mandi Cair 100 ml	4	10500
23-04-2020	Item-10	Biskuit Waver Kaleng	2	24000
23-04-2020	Item-06	Sabun Mandi Cair 100 ml	3	10500
23-04-2020	Item-10	Biskuit Waver Kaleng	4	24000
23-04-2020	Item-03	Gula Pasir Putih 1 kg	4	12500
23-04-2020	Item-06	Sabun Mandi Cair 100 ml	1	10500
23-04-2020	Item-09	Roti Tawar	3	12500
23-04-2020	Item-02	Bawang Putih 200 gram	1	15000
23-04-2020	Item-03	Gula Pasir Putih 1 kg	2	12500
23-04-2020	Item-10	Biskuit Waver Kaleng	1	24000
23-04-2020	Item-13	Pisau Cukur	4	6500
23-04-2020	Item-06	Sabun Mandi Cair 100 ml	2	10500
23-04-2020	Item-10	Biskuit Waver Kaleng	2	24000
23-04-2020	Mita, Item-01	Batere AA	2	12000
23-04-2020	Mita, Item-02	Bawang Putih 200 gram	3	15000
23-04-2020	Mita, Item-03	Gula Pasir Putih 1 kg	2	12500
23-04-2020	Mita, Item-06	Sabun Mandi Cair 100 ml	4	10500
23-04-2020	Mita, Item-09	Roti Tawar	2	12500
23-04-2020	Item-09	Roti Tawar	4	12500
23-04-2020	Item-10	Biskuit Waver Kaleng	4	24000
23-04-2020	Item-09	Roti Tawar	4	12500
23-04-2020	Item-03	Gula Pasir Putih 1 kg	2	12500
23-04-2020	Item-06	Sabun Mandi Cair 100 ml	4	10500
23-04-2020	Item-10	Biskuit Waver Kaleng	4	24000
23-04-2020	Item-01	Batere AA	2	12000
23-04-2020	Item-02	Bawang Putih 200 gram	1	15000
23-04-2020	Item-03	Gula Pasir Putih 1 kg	2	12500
23-04-2020	Item-06	Sabun Mandi Cair 100 ml	1	10500
23-04-2020	Item-10	Biskuit Waver Kaleng	1	24000
23-04-2020	Item-06	Sabun Mandi Cair 100 ml	4	10500
23-04-2020	Item-10	Biskuit Waver Kaleng	1	24000
24-04-2020	Item-03	Gula Pasir Putih 1 kg	4	12500
24-04-2020	Item-05	Mi Goreng Instant	4	2600
24-04-2020	Item-09	Roti Tawar	2	12500
24-04-2020	Item-01	Batere AA	1	12000
24-04-2020	Item-02	Bawang Putih 200 gram	1	15000
24-04-2020	Item-03	Gula Pasir Putih 1 kg	2	12500
24-04-2020	Item-05	Mi Goreng Instant	4	2600
24-04-2020	Item-13	Pisau Cukur	4	6500
24-04-2020	Item-02	Bawang Putih 200 gram	3	15000
24-04-2020	Item-03	Gula Pasir Putih 1 kg	2	12500
24-04-2020	Item-05	Mi Goreng Instant	3	2600
24-04-2020	Item-16	Balsem Putih 20 gram	1	22300
24-04-2020	Item-05	Mi Goreng Instant	4	2600
24-04-2020	Item-16	Balsem Putih 20 gram	2	22300
24-04-2020	Item-05	Mi Goreng Instant	2	2600
24-04-2020	Item-09	Roti Tawar	4	12500
24-04-2020	Item-05	Mi Goreng Instant	3	2600
24-04-2020	Item-09	Roti Tawar	4	12500
24-04-2020	Item-09	Roti Tawar	1	12500
24-04-2020	Item-05	Mi Goreng Instant	4	2600
24-04-2020	Item-09	Roti Tawar	3	12500
24-04-2020	Item-13	Pisau Cukur	1	6500
24-04-2020	Item-03	Gula Pasir Putih 1 kg	4	12500
24-04-2020	Item-05	Mi Goreng Instant	3	2600
24-04-2020	Item-13	Pisau Cukur	1	6500
24-04-2020	Item-03	Gula Pasir Putih 1 kg	4	12500
24-04-2020	Item-05	Mi Goreng Instant	3	2600
24-04-2020	Item-13	Pisau Cukur	4	6500
25-04-2020	Item-01	Batere AA	3	12000
25-04-2020	Item-02	Bawang Putih 200 gram	2	15000
25-04-2020	Item-03	Gula Pasir Putih 1 kg	4	12500
25-04-2020	Item-05	Mi Goreng Instant	4	2600
25-04-2020	Item-17	Obat Batuk	1	5000
25-04-2020	Item-01	Batere AA	1	12000
25-04-2020	Item-02	Bawang Putih 200 gram	2	15000
25-04-2020	Item-03	Gula Pasir Putih 1 kg	3	12500
25-04-2020	Item-05	Mi Goreng Instant	3	2600
25-04-2020	Item-17	Obat Batuk	1	5000
25-04-2020	Item-03	Gula Pasir Putih 1 kg	1	12500
25-04-2020	Item-05	Mi Goreng Instant	4	2600
25-04-2020	Item-17	Obat Batuk	4	5000
25-04-2020	Item-12	Beras Pulen 5 kg	2	63000
25-04-2020	Item-05	Mi Goreng Instant	3	2600
25-04-2020	Item-12	Beras Pulen 5 kg	3	63000
25-04-2020	Item-12	Beras Pulen 5 kg	4	63000
25-04-2020	Item-05	Mi Goreng Instant	2	2600
25-04-2020	Item-12	Beras Pulen 5 kg	4	63000
25-04-2020	Item-16	Balsem Putih 20 gram	2	22300
25-04-2020	Item-05	Mi Goreng Instant	3	2600
25-04-2020	Item-17	Obat Batuk	1	5000
25-04-2020	Item-01	Batere AA	4	12000
25-04-2020	Item-02	Bawang Putih 200 gram	2	15000
25-04-2020	Item-03	Gula Pasir Putih 1 kg	2	12500
25-04-2020	Item-05	Mi Goreng Instant	4	2600
25-04-2020	Item-17	Obat Batuk	2	5000
25-04-2020	Item-12	Beras Pulen 5 kg	4	63000
25-04-2020	Item-01	Batere AA	4	12000
25-04-2020	Item-02	Bawang Putih 200 gram	4	15000
25-04-2020	Item-03	Gula Pasir Putih 1 kg	3	12500
25-04-2020	Item-05	Mi Goreng Instant	3	2600
25-04-2020	Item-12	Beras Pulen 5 kg	3	63000
25-04-2020	Item-02	Bawang Putih 200 gram	3	15000
25-04-2020	Item-03	Gula Pasir Putih 1 kg	2	12500
25-04-2020	Item-05	Mi Goreng Instant	3	2600
25-04-2020	Item-12	Beras Pulen 5 kg	3	63000
25-04-2020	Item-05	Mi Goreng Instant	2	2600
25-04-2020	Item-12	Beras Pulen 5 kg	2	63000
25-04-2020	Item-01	Batere AA	2	12000
25-04-2020	Item-02	Bawang Putih 200 gram	4	15000
25-04-2020	Item-03	Gula Pasir Putih 1 kg	1	12500
25-04-2020	Item-05	Mi Goreng Instant	4	2600
25-04-2020	Item-17	Obat Batuk	1	5000
25-04-2020	Item-03	Gula Pasir Putih 1 kg	1	12500
25-04-2020	Item-05	Mi Goreng Instant	3	2600
25-04-2020	Item-12	Beras Pulen 5 kg	2	63000
26-04-2020	Item-04	Kopi Instant	2	5200
26-04-2020	Item-06	Sabun Mandi Cair 100 ml	3	10500
26-04-2020	Item-02	Bawang Putih 200 gram	4	15000
26-04-2020	Item-03	Gula Pasir Putih 1 kg	1	12500
26-04-2020	Item-04	Kopi Instant	3	5200
26-04-2020	Item-06	Sabun Mandi Cair 100 ml	2	10500
26-04-2020	Item-05	Mi Goreng Instant	4	2600
26-04-2020	Item-01	Batere AA	4	12000
26-04-2020	Item-02	Bawang Putih 200 gram	4	15000
26-04-2020	Item-03	Gula Pasir Putih 1 kg	2	12500
26-04-2020	Item-04	Kopi Instant	3	5200
26-04-2020	Item-06	Sabun Mandi Cair 100 ml	3	10500
26-04-2020	Item-02	Bawang Putih 200 gram	2	15000
26-04-2020	Item-03	Gula Pasir Putih 1 kg	4	12500
26-04-2020	Item-04	Kopi Instant	1	5200
26-04-2020	Item-05	Mi Goreng Instant	1	2600
26-04-2020	Item-04	Kopi Instant	4	5200
26-04-2020	Item-05	Mi Goreng Instant	1	2600
26-04-2020	Item-05	Mi Goreng Instant	2	2600
26-04-2020	Item-04	Kopi Instant	4	5200
26-04-2020	Item-06	Sabun Mandi Cair 100 ml	1	10500
26-04-2020	Mita, Item-01	Batere AA	4	12000
26-04-2020	Mita, Item-02	Bawang Putih 200 gram	4	15000
26-04-2020	Mita, Item-03	Gula Pasir Putih 1 kg	3	12500
26-04-2020	Mita, Item-04	Kopi Instant	2	5200
26-04-2020	Mita, Item-05	Mi Goreng Instant	3	2600
26-04-2020	Item-02	Bawang Putih 200 gram	2	15000
26-04-2020	Item-03	Gula Pasir Putih 1 kg	2	12500
26-04-2020	Item-04	Kopi Instant	2	5200
26-04-2020	Item-05	Mi Goreng Instant	3	2600
26-04-2020	Item-03	Gula Pasir Putih 1 kg	3	12500
26-04-2020	Item-04	Kopi Instant	3	5200
26-04-2020	Item-05	Mi Goreng Instant	3	2600
26-04-2020	Item-05	Mi Goreng Instant	3	2600
26-04-2020	Item-04	Kopi Instant	3	5200
26-04-2020	Item-05	Mi Goreng Instant	4	2600
26-04-2020	Item-05	Mi Goreng Instant	1	2600
26-04-2020	Item-04	Kopi Instant	3	5200
26-04-2020	Item-05	Mi Goreng Instant	1	2600
27-04-2020	Item-06	Sabun Mandi Cair 100 ml	2	10500
27-04-2020	Item-01	Batere AA	2	12000
27-04-2020	Item-02	Bawang Putih 200 gram	1	15000
27-04-2020	Item-03	Gula Pasir Putih 1 kg	3	12500
27-04-2020	Item-04	Kopi Instant	3	5200
27-04-2020	Item-06	Sabun Mandi Cair 100 ml	1	10500
27-04-2020	Item-06	Sabun Mandi Cair 100 ml	2	10500
27-04-2020	Item-06	Sabun Mandi Cair 100 ml	2	10500
27-04-2020	Item-01	Batere AA	1	12000
27-04-2020	Item-02	Bawang Putih 200 gram	3	15000
27-04-2020	Item-03	Gula Pasir Putih 1 kg	2	12500
27-04-2020	Item-04	Kopi Instant	1	5200
27-04-2020	Item-06	Sabun Mandi Cair 100 ml	1	10500
28-04-2020	Item-03	Gula Pasir Putih 1 kg	2	12500
28-04-2020	Item-04	Kopi Instant	3	5200
28-04-2020	Item-06	Sabun Mandi Cair 100 ml	2	10500
28-04-2020	Item-03	Gula Pasir Putih 1 kg	1	12500
28-04-2020	Item-04	Kopi Instant	2	5200
28-04-2020	Item-06	Sabun Mandi Cair 100 ml	2	10500
28-04-2020	Item-04	Kopi Instant	1	5200
28-04-2020	Item-06	Sabun Mandi Cair 100 ml	2	10500
28-04-2020	Item-03	Gula Pasir Putih 1 kg	2	12500
28-04-2020	Item-04	Kopi Instant	1	5200
28-04-2020	Item-06	Sabun Mandi Cair 100 ml	1	10500
28-04-2020	Item-02	Bawang Putih 200 gram	4	15000
28-04-2020	Item-03	Gula Pasir Putih 1 kg	3	12500
28-04-2020	Item-04	Kopi Instant	2	5200
28-04-2020	Item-06	Sabun Mandi Cair 100 ml	1	10500
28-04-2020	Item-04	Kopi Instant	3	5200
28-04-2020	Item-06	Sabun Mandi Cair 100 ml	3	10500
28-04-2020	Item-03	Gula Pasir Putih 1 kg	3	12500
28-04-2020	Item-04	Kopi Instant	1	5200
28-04-2020	Item-06	Sabun Mandi Cair 100 ml	1	10500
28-04-2020	Item-01	Batere AA	3	12000
28-04-2020	Item-02	Bawang Putih 200 gram	2	15000
28-04-2020	Item-03	Gula Pasir Putih 1 kg	1	12500
28-04-2020	Item-04	Kopi Instant	2	5200
28-04-2020	Item-06	Sabun Mandi Cair 100 ml	4	10500
28-04-2020	Item-04	Kopi Instant	2	5200
28-04-2020	Item-06	Sabun Mandi Cair 100 ml	3	10500
28-04-2020	Item-01	Batere AA	3	12000
28-04-2020	Item-02	Bawang Putih 200 gram	3	15000
28-04-2020	Item-03	Gula Pasir Putih 1 kg	1	12500
28-04-2020	Item-04	Kopi Instant	1	5200
28-04-2020	Item-06	Sabun Mandi Cair 100 ml	1	10500
29-04-2020	Item-01	Batere AA	2	12000
29-04-2020	Item-02	Bawang Putih 200 gram	2	15000
29-04-2020	Item-03	Gula Pasir Putih 1 kg	3	12500
29-04-2020	Item-04	Kopi Instant	1	5200
29-04-2020	Item-05	Mi Goreng Instant	2	2600
29-04-2020	Item-05	Mi Goreng Instant	4	2600
29-04-2020	Item-03	Gula Pasir Putih 1 kg	1	12500
29-04-2020	Item-04	Kopi Instant	2	5200
29-04-2020	Item-05	Mi Goreng Instant	1	2600
29-04-2020	Item-03	Gula Pasir Putih 1 kg	2	12500
29-04-2020	Item-04	Kopi Instant	3	5200
29-04-2020	Item-06	Sabun Mandi Cair 100 ml	1	10500
29-04-2020	Item-04	Kopi Instant	3	5200
29-04-2020	Item-05	Mi Goreng Instant	2	2600
29-04-2020	Item-04	Kopi Instant	3	5200
29-04-2020	Item-05	Mi Goreng Instant	1	2600
29-04-2020	Item-03	Gula Pasir Putih 1 kg	3	12500
29-04-2020	Item-06	Sabun Mandi Cair 100 ml	3	10500
29-04-2020	Item-07	Sabut Cuci Piring	2	7500
29-04-2020	Item-02	Bawang Putih 200 gram	2	15000
29-04-2020	Item-03	Gula Pasir Putih 1 kg	3	12500
29-04-2020	Item-04	Kopi Instant	2	5200
29-04-2020	Item-05	Mi Goreng Instant	2	2600
29-04-2020	Item-06	Sabun Mandi Cair 100 ml	1	10500
29-04-2020	Item-07	Sabut Cuci Piring	1	7500
29-04-2020	Item-03	Gula Pasir Putih 1 kg	1	12500
29-04-2020	Item-04	Kopi Instant	2	5200
29-04-2020	Item-05	Mi Goreng Instant	1	2600
29-04-2020	Item-03	Gula Pasir Putih 1 kg	4	12500
29-04-2020	Item-04	Kopi Instant	3	5200
29-04-2020	Item-06	Sabun Mandi Cair 100 ml	4	10500
29-04-2020	Item-04	Kopi Instant	4	5200
29-04-2020	Item-05	Mi Goreng Instant	3	2600
29-04-2020	Item-01	Batere AA	1	12000
29-04-2020	Item-02	Bawang Putih 200 gram	3	15000
29-04-2020	Item-03	Gula Pasir Putih 1 kg	1	12500
29-04-2020	Item-04	Kopi Instant	3	5200
29-04-2020	Item-05	Mi Goreng Instant	1	2600
29-04-2020	Item-05	Mi Goreng Instant	2	2600
29-04-2020	Item-02	Bawang Putih 200 gram	2	15000
29-04-2020	Item-03	Gula Pasir Putih 1 kg	1	12500
29-04-2020	Item-06	Sabun Mandi Cair 100 ml	1	10500
29-04-2020	Item-07	Sabut Cuci Piring	1	7500
29-04-2020	Item-05	Mi Goreng Instant	3	2600
29-04-2020	Item-05	Mi Goreng Instant	4	2600
30-04-2020	Item-01	Batere AA	2	12000
30-04-2020	Item-02	Bawang Putih 200 gram	4	15000
30-04-2020	Item-03	Gula Pasir Putih 1 kg	3	12500
30-04-2020	Item-06	Sabun Mandi Cair 100 ml	4	10500
30-04-2020	Item-07	Sabut Cuci Piring	3	7500
30-04-2020	Item-01	Batere AA	3	12000
30-04-2020	Item-02	Bawang Putih 200 gram	3	15000
30-04-2020	Item-03	Gula Pasir Putih 1 kg	2	12500
30-04-2020	Item-06	Sabun Mandi Cair 100 ml	4	10500
30-04-2020	Item-08	Vitamin C	1	2000
30-04-2020	Item-01	Batere AA	1	12000
30-04-2020	Item-02	Bawang Putih 200 gram	2	15000
30-04-2020	Item-03	Gula Pasir Putih 1 kg	1	12500
30-04-2020	Item-06	Sabun Mandi Cair 100 ml	3	10500
30-04-2020	Item-08	Vitamin C	2	2000
30-04-2020	Item-06	Sabun Mandi Cair 100 ml	2	10500
30-04-2020	Item-08	Vitamin C	2	2000
30-04-2020	Item-03	Gula Pasir Putih 1 kg	2	12500
30-04-2020	Item-06	Sabun Mandi Cair 100 ml	2	10500
30-04-2020	Item-08	Vitamin C	1	2000
30-04-2020	Item-03	Gula Pasir Putih 1 kg	3	12500
30-04-2020	Item-06	Sabun Mandi Cair 100 ml	2	10500
30-04-2020	Item-08	Vitamin C	4	2000
30-04-2020	Mita, Item-08	Vitamin C	1	2000
30-04-2020	Item-03	Gula Pasir Putih 1 kg	2	12500
30-04-2020	Item-06	Sabun Mandi Cair 100 ml	2	10500
30-04-2020	Item-08	Vitamin C	2	2000
30-04-2020	Item-01	Batere AA	2	12000
30-04-2020	Item-02	Bawang Putih 200 gram	3	15000
30-04-2020	Item-03	Gula Pasir Putih 1 kg	3	12500
30-04-2020	Item-06	Sabun Mandi Cair 100 ml	3	10500
30-04-2020	Item-08	Vitamin C	2	2000
30-04-2020	Item-08	Vitamin C	1	2000
30-04-2020	Item-09	Roti Tawar	3	12500
30-04-2020	Item-01	Batere AA	4	12000
30-04-2020	Item-02	Bawang Putih 200 gram	3	15000
30-04-2020	Item-03	Gula Pasir Putih 1 kg	2	12500
30-04-2020	Item-08	Vitamin C	2	2000
30-04-2020	Item-09	Roti Tawar	1	12500
01-05-2020	Item-09	Roti Tawar	4	12500
01-05-2020	Item-10	Biskuit Waver Kaleng	1	24000
01-05-2020	Item-03	Gula Pasir Putih 1 kg	4	12500
01-05-2020	Item-08	Vitamin C	1	2000
01-05-2020	Item-09	Roti Tawar	1	12500
01-05-2020	Item-02	Bawang Putih 200 gram	2	15000
01-05-2020	Item-09	Roti Tawar	4	12500
01-05-2020	Item-10	Biskuit Waver Kaleng	3	24000
01-05-2020	Item-11	Sabun Cuci Piring	4	14000
01-05-2020	Item-11	Sabun Cuci Piring	3	14000
01-05-2020	Item-08	Vitamin C	1	2000
01-05-2020	Item-09	Roti Tawar	1	12500
01-05-2020	Item-02	Bawang Putih 200 gram	2	15000
01-05-2020	Item-09	Roti Tawar	4	12500
01-05-2020	Item-10	Biskuit Waver Kaleng	4	24000
01-05-2020	Item-11	Sabun Cuci Piring	4	14000
01-05-2020	Item-10	Biskuit Waver Kaleng	4	24000
01-05-2020	Item-11	Sabun Cuci Piring	1	14000
01-05-2020	Item-01	Batere AA	3	12000
01-05-2020	Item-02	Bawang Putih 200 gram	3	15000
01-05-2020	Item-03	Gula Pasir Putih 1 kg	4	12500
01-05-2020	Item-08	Vitamin C	3	2000
01-05-2020	Item-09	Roti Tawar	2	12500
01-05-2020	Item-03	Gula Pasir Putih 1 kg	1	12500
01-05-2020	Item-09	Roti Tawar	1	12500
01-05-2020	Item-10	Biskuit Waver Kaleng	4	24000
01-05-2020	Item-01	Batere AA	3	12000
01-05-2020	Item-02	Bawang Putih 200 gram	3	15000
01-05-2020	Item-03	Gula Pasir Putih 1 kg	1	12500
01-05-2020	Item-09	Roti Tawar	3	12500
01-05-2020	Item-10	Biskuit Waver Kaleng	3	24000
02-05-2020	Item-02	Bawang Putih 200 gram	1	15000
02-05-2020	Item-06	Sabun Mandi Cair 100 ml	4	10500
02-05-2020	Item-09	Roti Tawar	1	12500
02-05-2020	Item-10	Biskuit Waver Kaleng	1	24000
02-05-2020	Item-09	Roti Tawar	3	12500
02-05-2020	Item-10	Biskuit Waver Kaleng	4	24000
02-05-2020	Item-02	Bawang Putih 200 gram	2	15000
02-05-2020	Item-06	Sabun Mandi Cair 100 ml	3	10500
02-05-2020	Item-09	Roti Tawar	3	12500
02-05-2020	Item-10	Biskuit Waver Kaleng	4	24000
02-05-2020	Item-09	Roti Tawar	1	12500
02-05-2020	Item-10	Biskuit Waver Kaleng	2	24000
02-05-2020	Item-02	Bawang Putih 200 gram	3	15000
02-05-2020	Item-06	Sabun Mandi Cair 100 ml	4	10500
02-05-2020	Item-09	Roti Tawar	4	12500
02-05-2020	Item-10	Biskuit Waver Kaleng	2	24000
02-05-2020	Item-06	Sabun Mandi Cair 100 ml	2	10500
02-05-2020	Item-09	Roti Tawar	1	12500
02-05-2020	Item-10	Biskuit Waver Kaleng	2	24000
02-05-2020	Item-09	Roti Tawar	4	12500
02-05-2020	Item-10	Biskuit Waver Kaleng	1	24000
02-05-2020	Item-02	Bawang Putih 200 gram	4	15000
02-05-2020	Item-06	Sabun Mandi Cair 100 ml	2	10500
02-05-2020	Item-09	Roti Tawar	4	12500
02-05-2020	Item-10	Biskuit Waver Kaleng	1	24000
02-05-2020	Item-09	Roti Tawar	4	12500
02-05-2020	Item-10	Biskuit Waver Kaleng	4	24000
02-05-2020	Item-09	Roti Tawar	2	12500
02-05-2020	Item-10	Biskuit Waver Kaleng	3	24000
03-05-2020	Item-04	Kopi Instant	4	5200
03-05-2020	Item-06	Sabun Mandi Cair 100 ml	1	10500
03-05-2020	Item-09	Roti Tawar	1	12500
03-05-2020	Item-04	Kopi Instant	2	5200
03-05-2020	Item-06	Sabun Mandi Cair 100 ml	3	10500
03-05-2020	Item-09	Roti Tawar	2	12500
03-05-2020	Item-06	Sabun Mandi Cair 100 ml	2	10500
03-05-2020	Item-09	Roti Tawar	4	12500
03-05-2020	Mita, Item-01	Batere AA	3	12000
03-05-2020	Mita, Item-02	Bawang Putih 200 gram	3	15000
03-05-2020	Mita, Item-04	Kopi Instant	3	5200
03-05-2020	Mita, Item-06	Sabun Mandi Cair 100 ml	2	10500
03-05-2020	Mita, Item-09	Roti Tawar	1	12500
03-05-2020	Item-04	Kopi Instant	3	5200
03-05-2020	Item-06	Sabun Mandi Cair 100 ml	4	10500
03-05-2020	Item-09	Roti Tawar	1	12500
03-05-2020	Item-04	Kopi Instant	2	5200
03-05-2020	Item-06	Sabun Mandi Cair 100 ml	1	10500
03-05-2020	Item-09	Roti Tawar	4	12500
03-05-2020	Item-01	Batere AA	2	12000
03-05-2020	Item-02	Bawang Putih 200 gram	4	15000
03-05-2020	Item-04	Kopi Instant	2	5200
03-05-2020	Item-06	Sabun Mandi Cair 100 ml	1	10500
03-05-2020	Item-09	Roti Tawar	2	12500
03-05-2020	Item-02	Bawang Putih 200 gram	4	15000
03-05-2020	Item-04	Kopi Instant	4	5200
03-05-2020	Item-06	Sabun Mandi Cair 100 ml	4	10500
03-05-2020	Item-09	Roti Tawar	3	12500
03-05-2020	Item-04	Kopi Instant	1	5200
03-05-2020	Item-06	Sabun Mandi Cair 100 ml	2	10500
03-05-2020	Item-09	Roti Tawar	1	12500
03-05-2020	Item-04	Kopi Instant	4	5200
03-05-2020	Item-06	Sabun Mandi Cair 100 ml	3	10500
03-05-2020	Item-09	Roti Tawar	1	12500
04-05-2020	Item-02	Bawang Putih 200 gram	2	15000
04-05-2020	Item-03	Gula Pasir Putih 1 kg	3	12500
04-05-2020	Item-04	Kopi Instant	3	5200
04-05-2020	Item-05	Mi Goreng Instant	2	2600
04-05-2020	Item-02	Bawang Putih 200 gram	1	15000
04-05-2020	Item-03	Gula Pasir Putih 1 kg	1	12500
04-05-2020	Item-04	Kopi Instant	2	5200
04-05-2020	Item-05	Mi Goreng Instant	4	2600
04-05-2020	Item-02	Bawang Putih 200 gram	4	15000
04-05-2020	Item-03	Gula Pasir Putih 1 kg	1	12500
04-05-2020	Item-04	Kopi Instant	2	5200
04-05-2020	Item-05	Mi Goreng Instant	2	2600
04-05-2020	Item-03	Gula Pasir Putih 1 kg	3	12500
04-05-2020	Item-04	Kopi Instant	4	5200
04-05-2020	Item-05	Mi Goreng Instant	3	2600
05-05-2020	Item-02	Bawang Putih 200 gram	4	15000
05-05-2020	Item-03	Gula Pasir Putih 1 kg	3	12500
05-05-2020	Item-04	Kopi Instant	1	5200
05-05-2020	Item-05	Mi Goreng Instant	4	2600
05-05-2020	Item-05	Mi Goreng Instant	1	2600
05-05-2020	Item-01	Batere AA	1	12000
05-05-2020	Item-02	Bawang Putih 200 gram	1	15000
05-05-2020	Item-03	Gula Pasir Putih 1 kg	3	12500
05-05-2020	Item-04	Kopi Instant	1	5200
05-05-2020	Item-05	Mi Goreng Instant	4	2600
05-05-2020	Item-04	Kopi Instant	4	5200
05-05-2020	Item-05	Mi Goreng Instant	1	2600
05-05-2020	Item-02	Bawang Putih 200 gram	2	15000
05-05-2020	Item-03	Gula Pasir Putih 1 kg	3	12500
05-05-2020	Item-04	Kopi Instant	3	5200
05-05-2020	Item-05	Mi Goreng Instant	2	2600
05-05-2020	Item-01	Batere AA	2	12000
05-05-2020	Item-02	Bawang Putih 200 gram	4	15000
05-05-2020	Item-03	Gula Pasir Putih 1 kg	2	12500
05-05-2020	Item-04	Kopi Instant	1	5200
05-05-2020	Item-05	Mi Goreng Instant	2	2600
05-05-2020	Item-04	Kopi Instant	2	5200
05-05-2020	Item-05	Mi Goreng Instant	2	2600
05-05-2020	Item-03	Gula Pasir Putih 1 kg	3	12500
05-05-2020	Item-04	Kopi Instant	3	5200
05-05-2020	Item-05	Mi Goreng Instant	1	2600
05-05-2020	Item-01	Batere AA	3	12000
05-05-2020	Item-02	Bawang Putih 200 gram	4	15000
05-05-2020	Item-03	Gula Pasir Putih 1 kg	4	12500
05-05-2020	Item-04	Kopi Instant	2	5200
05-05-2020	Item-05	Mi Goreng Instant	1	2600
06-05-2020	Item-04	Kopi Instant	1	5200
06-05-2020	Item-05	Mi Goreng Instant	4	2600
06-05-2020	Item-01	Batere AA	1	12000
06-05-2020	Item-02	Bawang Putih 200 gram	3	15000
06-05-2020	Item-03	Gula Pasir Putih 1 kg	3	12500
06-05-2020	Item-04	Kopi Instant	4	5200
06-05-2020	Item-05	Mi Goreng Instant	1	2600
06-05-2020	Item-01	Batere AA	2	12000
06-05-2020	Item-02	Bawang Putih 200 gram	4	15000
06-05-2020	Item-03	Gula Pasir Putih 1 kg	2	12500
06-05-2020	Item-04	Kopi Instant	1	5200
06-05-2020	Item-05	Mi Goreng Instant	2	2600
06-05-2020	Item-02	Bawang Putih 200 gram	2	15000
06-05-2020	Item-03	Gula Pasir Putih 1 kg	2	12500
06-05-2020	Item-04	Kopi Instant	2	5200
06-05-2020	Item-05	Mi Goreng Instant	1	2600
06-05-2020	Item-01	Batere AA	4	12000
06-05-2020	Item-02	Bawang Putih 200 gram	2	15000
06-05-2020	Item-03	Gula Pasir Putih 1 kg	4	12500
06-05-2020	Item-04	Kopi Instant	1	5200
06-05-2020	Item-05	Mi Goreng Instant	1	2600
06-05-2020	Item-02	Bawang Putih 200 gram	3	15000
06-05-2020	Item-03	Gula Pasir Putih 1 kg	3	12500
06-05-2020	Item-04	Kopi Instant	1	5200
06-05-2020	Item-05	Mi Goreng Instant	3	2600
06-05-2020	Item-03	Gula Pasir Putih 1 kg	3	12500
06-05-2020	Item-04	Kopi Instant	2	5200
06-05-2020	Item-05	Mi Goreng Instant	3	2600
06-05-2020	Item-05	Mi Goreng Instant	2	2600
07-05-2020	Item-02	Bawang Putih 200 gram	4	15000
07-05-2020	Item-03	Gula Pasir Putih 1 kg	1	12500
07-05-2020	Item-05	Mi Goreng Instant	1	2600
07-05-2020	Item-06	Sabun Mandi Cair 100 ml	2	10500
07-05-2020	Item-02	Bawang Putih 200 gram	1	15000
07-05-2020	Item-03	Gula Pasir Putih 1 kg	2	12500
07-05-2020	Item-05	Mi Goreng Instant	4	2600
07-05-2020	Item-08	Vitamin C	4	2000
07-05-2020	Item-06	Sabun Mandi Cair 100 ml	3	10500
07-05-2020	Item-03	Gula Pasir Putih 1 kg	1	12500
07-05-2020	Item-05	Mi Goreng Instant	1	2600
07-05-2020	Item-06	Sabun Mandi Cair 100 ml	1	10500
07-05-2020	Item-02	Bawang Putih 200 gram	3	15000
07-05-2020	Item-03	Gula Pasir Putih 1 kg	2	12500
07-05-2020	Item-05	Mi Goreng Instant	4	2600
07-05-2020	Item-06	Sabun Mandi Cair 100 ml	4	10500
07-05-2020	Item-01	Batere AA	2	12000
07-05-2020	Item-02	Bawang Putih 200 gram	2	15000
07-05-2020	Item-03	Gula Pasir Putih 1 kg	3	12500
07-05-2020	Item-05	Mi Goreng Instant	4	2600
07-05-2020	Item-06	Sabun Mandi Cair 100 ml	3	10500
07-05-2020	Item-03	Gula Pasir Putih 1 kg	4	12500
07-05-2020	Item-05	Mi Goreng Instant	2	2600
07-05-2020	Item-06	Sabun Mandi Cair 100 ml	2	10500
07-05-2020	Item-01	Batere AA	4	12000
07-05-2020	Item-02	Bawang Putih 200 gram	2	15000
07-05-2020	Item-03	Gula Pasir Putih 1 kg	2	12500
07-05-2020	Item-05	Mi Goreng Instant	4	2600
07-05-2020	Item-06	Sabun Mandi Cair 100 ml	1	10500
07-05-2020	Item-06	Sabun Mandi Cair 100 ml	1	10500
07-05-2020	Item-01	Batere AA	3	12000
07-05-2020	Item-02	Bawang Putih 200 gram	2	15000
07-05-2020	Item-03	Gula Pasir Putih 1 kg	2	12500
07-05-2020	Item-04	Kopi Instant	1	5200
07-05-2020	Item-05	Mi Goreng Instant	1	2600
07-05-2020	Item-01	Batere AA	1	12000
07-05-2020	Item-02	Bawang Putih 200 gram	2	15000
07-05-2020	Item-03	Gula Pasir Putih 1 kg	3	12500
07-05-2020	Item-05	Mi Goreng Instant	3	2600
07-05-2020	Item-06	Sabun Mandi Cair 100 ml	4	10500
07-05-2020	Item-03	Gula Pasir Putih 1 kg	4	12500
07-05-2020	Item-05	Mi Goreng Instant	2	2600
07-05-2020	Item-06	Sabun Mandi Cair 100 ml	2	10500
07-05-2020	Item-01	Batere AA	4	12000
07-05-2020	Item-02	Bawang Putih 200 gram	4	15000
07-05-2020	Item-03	Gula Pasir Putih 1 kg	1	12500
07-05-2020	Item-05	Mi Goreng Instant	2	2600
07-05-2020	Item-06	Sabun Mandi Cair 100 ml	4	10500
08-05-2020	Item-05	Mi Goreng Instant	1	2600
08-05-2020	Item-08	Vitamin C	2	2000
08-05-2020	Item-08	Vitamin C	1	2000
08-05-2020	Item-05	Mi Goreng Instant	4	2600
08-05-2020	Item-08	Vitamin C	4	2000
08-05-2020	Mita, Item-08	Vitamin C	3	2000
08-05-2020	Item-08	Vitamin C	1	2000
08-05-2020	Item-05	Mi Goreng Instant	1	2600
08-05-2020	Item-08	Vitamin C	4	2000
08-05-2020	Item-03	Gula Pasir Putih 1 kg	1	12500
08-05-2020	Item-05	Mi Goreng Instant	2	2600
08-05-2020	Item-08	Vitamin C	3	2000
08-05-2020	Item-08	Vitamin C	1	2000
09-05-2020	Item-02	Bawang Putih 200 gram	4	15000
09-05-2020	Item-03	Gula Pasir Putih 1 kg	2	12500
09-05-2020	Item-05	Mi Goreng Instant	1	2600
09-05-2020	Item-06	Sabun Mandi Cair 100 ml	4	10500
09-05-2020	Item-02	Bawang Putih 200 gram	2	15000
09-05-2020	Item-03	Gula Pasir Putih 1 kg	1	12500
09-05-2020	Item-05	Mi Goreng Instant	2	2600
09-05-2020	Item-06	Sabun Mandi Cair 100 ml	1	10500
09-05-2020	Item-01	Batere AA	4	12000
09-05-2020	Item-02	Bawang Putih 200 gram	4	15000
09-05-2020	Item-03	Gula Pasir Putih 1 kg	1	12500
09-05-2020	Item-05	Mi Goreng Instant	1	2600
09-05-2020	Item-06	Sabun Mandi Cair 100 ml	1	10500
09-05-2020	Item-02	Bawang Putih 200 gram	4	15000
09-05-2020	Item-03	Gula Pasir Putih 1 kg	1	12500
09-05-2020	Item-05	Mi Goreng Instant	4	2600
09-05-2020	Item-06	Sabun Mandi Cair 100 ml	1	10500
09-05-2020	Item-06	Sabun Mandi Cair 100 ml	4	10500
09-05-2020	Item-05	Mi Goreng Instant	2	2600
09-05-2020	Item-06	Sabun Mandi Cair 100 ml	4	10500
10-05-2020	Item-05	Mi Goreng Instant	4	2600
10-05-2020	Item-06	Sabun Mandi Cair 100 ml	2	10500
10-05-2020	Item-01	Batere AA	1	12000
10-05-2020	Item-02	Bawang Putih 200 gram	4	15000
10-05-2020	Item-03	Gula Pasir Putih 1 kg	3	12500
10-05-2020	Item-05	Mi Goreng Instant	1	2600
10-05-2020	Item-06	Sabun Mandi Cair 100 ml	3	10500
10-05-2020	Item-06	Sabun Mandi Cair 100 ml	2	10500
10-05-2020	Item-01	Batere AA	4	12000
10-05-2020	Item-02	Bawang Putih 200 gram	2	15000
10-05-2020	Item-03	Gula Pasir Putih 1 kg	1	12500
10-05-2020	Item-05	Mi Goreng Instant	1	2600
10-05-2020	Item-06	Sabun Mandi Cair 100 ml	4	10500
10-05-2020	Item-05	Mi Goreng Instant	4	2600
10-05-2020	Item-06	Sabun Mandi Cair 100 ml	2	10500
10-05-2020	Item-01	Batere AA	2	12000
10-05-2020	Item-02	Bawang Putih 200 gram	4	15000
10-05-2020	Item-03	Gula Pasir Putih 1 kg	3	12500
10-05-2020	Item-05	Mi Goreng Instant	1	2600
10-05-2020	Item-06	Sabun Mandi Cair 100 ml	2	10500
10-05-2020	Item-01	Batere AA	2	12000
10-05-2020	Item-02	Bawang Putih 200 gram	2	15000
10-05-2020	Item-03	Gula Pasir Putih 1 kg	2	12500
10-05-2020	Item-05	Mi Goreng Instant	2	2600
10-05-2020	Item-06	Sabun Mandi Cair 100 ml	1	10500
10-05-2020	Item-06	Sabun Mandi Cair 100 ml	3	10500
10-05-2020	Item-06	Sabun Mandi Cair 100 ml	4	10500
11-05-2020	Item-06	Sabun Mandi Cair 100 ml	1	10500
11-05-2020	Item-08	Vitamin C	3	2000
11-05-2020	Item-06	Sabun Mandi Cair 100 ml	2	10500
11-05-2020	Item-03	Gula Pasir Putih 1 kg	3	12500
11-05-2020	Item-05	Mi Goreng Instant	3	2600
11-05-2020	Item-06	Sabun Mandi Cair 100 ml	4	10500
11-05-2020	Item-03	Gula Pasir Putih 1 kg	2	12500
11-05-2020	Item-06	Sabun Mandi Cair 100 ml	3	10500
11-05-2020	Item-09	Roti Tawar	2	12500
11-05-2020	Item-06	Sabun Mandi Cair 100 ml	2	10500
11-05-2020	Item-01	Batere AA	3	12000
11-05-2020	Item-02	Bawang Putih 200 gram	4	15000
11-05-2020	Item-03	Gula Pasir Putih 1 kg	1	12500
11-05-2020	Item-05	Mi Goreng Instant	3	2600
11-05-2020	Item-06	Sabun Mandi Cair 100 ml	1	10500
11-05-2020	Item-02	Bawang Putih 200 gram	4	15000
11-05-2020	Item-03	Gula Pasir Putih 1 kg	3	12500
11-05-2020	Item-05	Mi Goreng Instant	1	2600
11-05-2020	Item-06	Sabun Mandi Cair 100 ml	1	10500
11-05-2020	Item-02	Bawang Putih 200 gram	1	15000
11-05-2020	Item-03	Gula Pasir Putih 1 kg	3	12500
11-05-2020	Item-05	Mi Goreng Instant	4	2600
11-05-2020	Item-06	Sabun Mandi Cair 100 ml	4	10500
12-05-2020	Item-06	Sabun Mandi Cair 100 ml	4	10500
12-05-2020	Item-09	Roti Tawar	2	12500
12-05-2020	Item-09	Roti Tawar	2	12500
12-05-2020	Item-02	Bawang Putih 200 gram	2	15000
12-05-2020	Item-03	Gula Pasir Putih 1 kg	3	12500
12-05-2020	Item-06	Sabun Mandi Cair 100 ml	1	10500
12-05-2020	Item-07	Sabut Cuci Piring	2	7500
12-05-2020	Item-01	Batere AA	2	12000
12-05-2020	Item-02	Bawang Putih 200 gram	2	15000
12-05-2020	Item-03	Gula Pasir Putih 1 kg	2	12500
12-05-2020	Item-06	Sabun Mandi Cair 100 ml	1	10500
12-05-2020	Item-09	Roti Tawar	1	12500
12-05-2020	Item-09	Roti Tawar	2	12500
12-05-2020	Item-01	Batere AA	3	12000
12-05-2020	Item-02	Bawang Putih 200 gram	4	15000
12-05-2020	Item-03	Gula Pasir Putih 1 kg	2	12500
12-05-2020	Item-06	Sabun Mandi Cair 100 ml	2	10500
12-05-2020	Item-07	Sabut Cuci Piring	2	7500
12-05-2020	Item-03	Gula Pasir Putih 1 kg	4	12500
12-05-2020	Item-06	Sabun Mandi Cair 100 ml	2	10500
12-05-2020	Item-07	Sabut Cuci Piring	4	7500
13-05-2020	Item-05	Mi Goreng Instant	3	2600
13-05-2020	Item-02	Bawang Putih 200 gram	3	15000
13-05-2020	Item-03	Gula Pasir Putih 1 kg	2	12500
13-05-2020	Item-04	Kopi Instant	1	5200
13-05-2020	Item-05	Mi Goreng Instant	1	2600
13-05-2020	Item-02	Bawang Putih 200 gram	3	15000
13-05-2020	Item-03	Gula Pasir Putih 1 kg	3	12500
13-05-2020	Item-04	Kopi Instant	2	5200
13-05-2020	Item-05	Mi Goreng Instant	1	2600
13-05-2020	Item-05	Mi Goreng Instant	3	2600
13-05-2020	Item-03	Gula Pasir Putih 1 kg	3	12500
13-05-2020	Item-04	Kopi Instant	4	5200
13-05-2020	Item-05	Mi Goreng Instant	2	2600
14-05-2020	Item-05	Mi Goreng Instant	2	2600
14-05-2020	Item-03	Gula Pasir Putih 1 kg	3	12500
14-05-2020	Item-04	Kopi Instant	3	5200
14-05-2020	Item-05	Mi Goreng Instant	3	2600
14-05-2020	Item-02	Bawang Putih 200 gram	1	15000
14-05-2020	Item-03	Gula Pasir Putih 1 kg	2	12500
14-05-2020	Item-04	Kopi Instant	2	5200
14-05-2020	Item-05	Mi Goreng Instant	1	2600
14-05-2020	Item-04	Kopi Instant	4	5200
14-05-2020	Item-05	Mi Goreng Instant	2	2600
14-05-2020	Item-01	Batere AA	2	12000
14-05-2020	Item-02	Bawang Putih 200 gram	4	15000
14-05-2020	Item-03	Gula Pasir Putih 1 kg	2	12500
14-05-2020	Item-04	Kopi Instant	3	5200
14-05-2020	Item-05	Mi Goreng Instant	3	2600
14-05-2020	Item-02	Bawang Putih 200 gram	2	15000
14-05-2020	Item-03	Gula Pasir Putih 1 kg	1	12500
14-05-2020	Item-04	Kopi Instant	1	5200
14-05-2020	Item-05	Mi Goreng Instant	2	2600
14-05-2020	Mita, Item-02	Bawang Putih 200 gram	3	15000
14-05-2020	Mita, Item-03	Gula Pasir Putih 1 kg	3	12500
14-05-2020	Mita, Item-04	Kopi Instant	1	5200
14-05-2020	Mita, Item-05	Mi Goreng Instant	3	2600
14-05-2020	Item-02	Bawang Putih 200 gram	4	15000
14-05-2020	Item-03	Gula Pasir Putih 1 kg	2	12500
14-05-2020	Item-04	Kopi Instant	4	5200
14-05-2020	Item-05	Mi Goreng Instant	2	2600
14-05-2020	Item-02	Bawang Putih 200 gram	2	15000
14-05-2020	Item-03	Gula Pasir Putih 1 kg	1	12500
14-05-2020	Item-04	Kopi Instant	2	5200
14-05-2020	Item-05	Mi Goreng Instant	4	2600
14-05-2020	Item-04	Kopi Instant	4	5200
14-05-2020	Item-05	Mi Goreng Instant	4	2600
15-05-2020	Item-01	Batere AA	3	12000
15-05-2020	Item-02	Bawang Putih 200 gram	1	15000
15-05-2020	Item-03	Gula Pasir Putih 1 kg	2	12500
15-05-2020	Item-04	Kopi Instant	3	5200
15-05-2020	Item-05	Mi Goreng Instant	4	2600
15-05-2020	Item-02	Bawang Putih 200 gram	2	15000
15-05-2020	Item-03	Gula Pasir Putih 1 kg	2	12500
15-05-2020	Item-04	Kopi Instant	3	5200
15-05-2020	Item-05	Mi Goreng Instant	2	2600
15-05-2020	Item-04	Kopi Instant	1	5200
15-05-2020	Item-05	Mi Goreng Instant	2	2600
15-05-2020	Item-01	Batere AA	4	12000
15-05-2020	Item-02	Bawang Putih 200 gram	2	15000
15-05-2020	Item-03	Gula Pasir Putih 1 kg	4	12500
15-05-2020	Item-04	Kopi Instant	2	5200
15-05-2020	Item-05	Mi Goreng Instant	3	2600
15-05-2020	Item-02	Bawang Putih 200 gram	4	15000
15-05-2020	Item-03	Gula Pasir Putih 1 kg	3	12500
15-05-2020	Item-04	Kopi Instant	2	5200
15-05-2020	Item-05	Mi Goreng Instant	4	2600
15-05-2020	Item-04	Kopi Instant	4	5200
15-05-2020	Item-05	Mi Goreng Instant	4	2600
16-05-2020	Item-02	Bawang Putih 200 gram	3	15000
16-05-2020	Item-03	Gula Pasir Putih 1 kg	1	12500
16-05-2020	Item-04	Kopi Instant	1	5200
16-05-2020	Item-05	Mi Goreng Instant	1	2600
16-05-2020	Item-05	Mi Goreng Instant	1	2600
16-05-2020	Item-01	Batere AA	1	12000
16-05-2020	Item-02	Bawang Putih 200 gram	2	15000
16-05-2020	Item-03	Gula Pasir Putih 1 kg	1	12500
16-05-2020	Item-04	Kopi Instant	2	5200
16-05-2020	Item-05	Mi Goreng Instant	4	2600
17-05-2020	Item-04	Kopi Instant	2	5200
17-05-2020	Item-05	Mi Goreng Instant	2	2600
17-05-2020	Item-01	Batere AA	1	12000
17-05-2020	Item-02	Bawang Putih 200 gram	1	15000
17-05-2020	Item-03	Gula Pasir Putih 1 kg	4	12500
17-05-2020	Item-04	Kopi Instant	2	5200
17-05-2020	Item-05	Mi Goreng Instant	1	2600
17-05-2020	Item-02	Bawang Putih 200 gram	4	15000
17-05-2020	Item-03	Gula Pasir Putih 1 kg	1	12500
17-05-2020	Item-04	Kopi Instant	2	5200
17-05-2020	Item-05	Mi Goreng Instant	2	2600
17-05-2020	Item-05	Mi Goreng Instant	3	2600
17-05-2020	Item-01	Batere AA	1	12000
17-05-2020	Item-02	Bawang Putih 200 gram	1	15000
17-05-2020	Item-03	Gula Pasir Putih 1 kg	2	12500
17-05-2020	Item-04	Kopi Instant	2	5200
17-05-2020	Item-05	Mi Goreng Instant	3	2600
17-05-2020	Item-02	Bawang Putih 200 gram	2	15000
17-05-2020	Item-03	Gula Pasir Putih 1 kg	3	12500
17-05-2020	Item-04	Kopi Instant	2	5200
17-05-2020	Item-05	Mi Goreng Instant	2	2600
18-05-2020	Item-03	Gula Pasir Putih 1 kg	1	12500
18-05-2020	Item-04	Kopi Instant	1	5200
18-05-2020	Item-05	Mi Goreng Instant	2	2600
18-05-2020	Item-03	Gula Pasir Putih 1 kg	3	12500
18-05-2020	Item-05	Mi Goreng Instant	1	2600
18-05-2020	Item-06	Sabun Mandi Cair 100 ml	2	10500
18-05-2020	Item-08	Vitamin C	3	2000
18-05-2020	Item-01	Batere AA	3	12000
18-05-2020	Item-02	Bawang Putih 200 gram	4	15000
18-05-2020	Item-03	Gula Pasir Putih 1 kg	1	12500
18-05-2020	Item-05	Mi Goreng Instant	3	2600
18-05-2020	Item-06	Sabun Mandi Cair 100 ml	1	10500
18-05-2020	Item-01	Batere AA	1	12000
18-05-2020	Item-02	Bawang Putih 200 gram	4	15000
18-05-2020	Item-03	Gula Pasir Putih 1 kg	4	12500
18-05-2020	Item-05	Mi Goreng Instant	2	2600
18-05-2020	Item-06	Sabun Mandi Cair 100 ml	2	10500
18-05-2020	Item-03	Gula Pasir Putih 1 kg	1	12500
18-05-2020	Item-04	Kopi Instant	1	5200
18-05-2020	Item-05	Mi Goreng Instant	3	2600
18-05-2020	Item-06	Sabun Mandi Cair 100 ml	2	10500
18-05-2020	Item-03	Gula Pasir Putih 1 kg	1	12500
18-05-2020	Item-05	Mi Goreng Instant	1	2600
18-05-2020	Item-06	Sabun Mandi Cair 100 ml	2	10500
19-05-2020	Item-06	Sabun Mandi Cair 100 ml	3	10500
19-05-2020	Item-08	Vitamin C	3	2000
19-05-2020	Item-03	Gula Pasir Putih 1 kg	1	12500
19-05-2020	Item-05	Mi Goreng Instant	4	2600
19-05-2020	Item-06	Sabun Mandi Cair 100 ml	1	10500
19-05-2020	Item-08	Vitamin C	3	2000
19-05-2020	Item-02	Bawang Putih 200 gram	1	15000
19-05-2020	Item-03	Gula Pasir Putih 1 kg	3	12500
19-05-2020	Item-05	Mi Goreng Instant	4	2600
19-05-2020	Item-06	Sabun Mandi Cair 100 ml	2	10500
19-05-2020	Item-08	Vitamin C	1	2000
19-05-2020	Item-05	Mi Goreng Instant	1	2600
19-05-2020	Item-06	Sabun Mandi Cair 100 ml	4	10500
19-05-2020	Item-08	Vitamin C	3	2000
19-05-2020	Item-08	Vitamin C	1	2000
19-05-2020	Item-06	Sabun Mandi Cair 100 ml	2	10500
19-05-2020	Item-08	Vitamin C	2	2000
19-05-2020	Item-02	Bawang Putih 200 gram	2	15000
19-05-2020	Item-03	Gula Pasir Putih 1 kg	2	12500
19-05-2020	Item-05	Mi Goreng Instant	2	2600
19-05-2020	Item-06	Sabun Mandi Cair 100 ml	4	10500
19-05-2020	Item-08	Vitamin C	1	2000
20-05-2020	Item-05	Mi Goreng Instant	1	2600
20-05-2020	Item-06	Sabun Mandi Cair 100 ml	1	10500
20-05-2020	Item-04	Kopi Instant	1	5200
20-05-2020	Item-05	Mi Goreng Instant	1	2600
20-05-2020	Item-06	Sabun Mandi Cair 100 ml	1	10500
20-05-2020	Item-05	Mi Goreng Instant	1	2600
20-05-2020	Item-06	Sabun Mandi Cair 100 ml	1	10500
20-05-2020	Item-06	Sabun Mandi Cair 100 ml	2	10500
20-05-2020	Mita, Item-02	Bawang Putih 200 gram	2	15000
20-05-2020	Mita, Item-03	Gula Pasir Putih 1 kg	2	12500
20-05-2020	Mita, Item-04	Kopi Instant	2	5200
20-05-2020	Mita, Item-05	Mi Goreng Instant	3	2600
20-05-2020	Mita, Item-06	Sabun Mandi Cair 100 ml	4	10500
20-05-2020	Item-05	Mi Goreng Instant	2	2600
20-05-2020	Item-06	Sabun Mandi Cair 100 ml	3	10500
20-05-2020	Item-05	Mi Goreng Instant	1	2600
20-05-2020	Item-06	Sabun Mandi Cair 100 ml	2	10500
20-05-2020	Item-03	Gula Pasir Putih 1 kg	2	12500
20-05-2020	Item-04	Kopi Instant	1	5200
20-05-2020	Item-05	Mi Goreng Instant	3	2600
20-05-2020	Item-06	Sabun Mandi Cair 100 ml	2	10500
21-05-2020	Item-02	Bawang Putih 200 gram	4	15000
21-05-2020	Item-03	Gula Pasir Putih 1 kg	3	12500
21-05-2020	Item-04	Kopi Instant	3	5200
21-05-2020	Item-05	Mi Goreng Instant	3	2600
21-05-2020	Item-06	Sabun Mandi Cair 100 ml	4	10500
21-05-2020	Item-06	Sabun Mandi Cair 100 ml	1	10500
21-05-2020	Item-05	Mi Goreng Instant	2	2600
21-05-2020	Item-06	Sabun Mandi Cair 100 ml	3	10500
21-05-2020	Item-02	Bawang Putih 200 gram	3	15000
21-05-2020	Item-03	Gula Pasir Putih 1 kg	4	12500
21-05-2020	Item-04	Kopi Instant	4	5200
21-05-2020	Item-05	Mi Goreng Instant	3	2600
21-05-2020	Item-06	Sabun Mandi Cair 100 ml	3	10500
21-05-2020	Item-03	Gula Pasir Putih 1 kg	1	12500
21-05-2020	Item-04	Kopi Instant	3	5200
21-05-2020	Item-05	Mi Goreng Instant	3	2600
21-05-2020	Item-06	Sabun Mandi Cair 100 ml	2	10500
21-05-2020	Item-03	Gula Pasir Putih 1 kg	3	12500
21-05-2020	Item-04	Kopi Instant	2	5200
21-05-2020	Item-05	Mi Goreng Instant	4	2600
21-05-2020	Item-06	Sabun Mandi Cair 100 ml	2	10500
21-05-2020	Item-03	Gula Pasir Putih 1 kg	4	12500
21-05-2020	Item-04	Kopi Instant	3	5200
21-05-2020	Item-05	Mi Goreng Instant	3	2600
21-05-2020	Item-06	Sabun Mandi Cair 100 ml	3	10500
22-05-2020	Item-06	Sabun Mandi Cair 100 ml	4	10500
22-05-2020	Item-05	Mi Goreng Instant	4	2600
22-05-2020	Item-06	Sabun Mandi Cair 100 ml	4	10500
23-05-2020	Item-05	Mi Goreng Instant	4	2600
23-05-2020	Item-04	Kopi Instant	3	5200
23-05-2020	Item-05	Mi Goreng Instant	4	2600
23-05-2020	Item-04	Kopi Instant	4	5200
23-05-2020	Item-05	Mi Goreng Instant	1	2600
23-05-2020	Item-03	Gula Pasir Putih 1 kg	3	12500
23-05-2020	Item-04	Kopi Instant	4	5200
23-05-2020	Item-05	Mi Goreng Instant	1	2600
23-05-2020	Item-03	Gula Pasir Putih 1 kg	3	12500
23-05-2020	Item-04	Kopi Instant	2	5200
23-05-2020	Item-05	Mi Goreng Instant	4	2600
23-05-2020	Item-05	Mi Goreng Instant	4	2600
23-05-2020	Item-05	Mi Goreng Instant	2	2600
23-05-2020	Item-02	Bawang Putih 200 gram	1	15000
23-05-2020	Item-03	Gula Pasir Putih 1 kg	3	12500
23-05-2020	Item-04	Kopi Instant	4	5200
23-05-2020	Item-05	Mi Goreng Instant	1	2600
23-05-2020	Item-02	Bawang Putih 200 gram	2	15000
23-05-2020	Item-03	Gula Pasir Putih 1 kg	2	12500
23-05-2020	Item-04	Kopi Instant	2	5200
23-05-2020	Item-05	Mi Goreng Instant	3	2600
24-05-2020	Item-05	Mi Goreng Instant	3	2600
24-05-2020	Item-01	Batere AA	3	12000
24-05-2020	Item-02	Bawang Putih 200 gram	1	15000
24-05-2020	Item-03	Gula Pasir Putih 1 kg	4	12500
24-05-2020	Item-04	Kopi Instant	3	5200
24-05-2020	Item-05	Mi Goreng Instant	2	2600
25-05-2020	Item-01	Batere AA	2	12000
25-05-2020	Item-02	Bawang Putih 200 gram	4	15000
25-05-2020	Item-03	Gula Pasir Putih 1 kg	2	12500
25-05-2020	Item-04	Kopi Instant	2	5200
25-05-2020	Item-05	Mi Goreng Instant	3	2600
25-05-2020	Item-02	Bawang Putih 200 gram	4	15000
25-05-2020	Item-03	Gula Pasir Putih 1 kg	4	12500
25-05-2020	Item-05	Mi Goreng Instant	3	2600
25-05-2020	Item-06	Sabun Mandi Cair 100 ml	1	10500
26-05-2020	Item-01	Batere AA	1	12000
26-05-2020	Item-02	Bawang Putih 200 gram	2	15000
26-05-2020	Item-03	Gula Pasir Putih 1 kg	2	12500
26-05-2020	Item-04	Kopi Instant	3	5200
26-05-2020	Item-05	Mi Goreng Instant	1	2600
26-05-2020	Item-02	Bawang Putih 200 gram	3	15000
26-05-2020	Item-03	Gula Pasir Putih 1 kg	3	12500
26-05-2020	Item-04	Kopi Instant	4	5200
26-05-2020	Item-05	Mi Goreng Instant	2	2600
26-05-2020	Item-04	Kopi Instant	2	5200
26-05-2020	Item-05	Mi Goreng Instant	2	2600
27-05-2020	Item-01	Batere AA	4	12000
27-05-2020	Item-02	Bawang Putih 200 gram	1	15000
27-05-2020	Item-03	Gula Pasir Putih 1 kg	1	12500
27-05-2020	Item-04	Kopi Instant	3	5200
27-05-2020	Item-05	Mi Goreng Instant	1	2600
27-05-2020	Item-05	Mi Goreng Instant	2	2600
27-05-2020	Item-01	Batere AA	4	12000
27-05-2020	Item-02	Bawang Putih 200 gram	1	15000
27-05-2020	Item-03	Gula Pasir Putih 1 kg	1	12500
27-05-2020	Item-04	Kopi Instant	1	5200
27-05-2020	Item-05	Mi Goreng Instant	4	2600
28-05-2020	Item-03	Gula Pasir Putih 1 kg	1	12500
28-05-2020	Item-04	Kopi Instant	4	5200
28-05-2020	Item-05	Mi Goreng Instant	2	2600
28-05-2020	Item-05	Mi Goreng Instant	2	2600
28-05-2020	Item-04	Kopi Instant	4	5200
28-05-2020	Item-05	Mi Goreng Instant	1	2600
29-05-2020	Item-01	Batere AA	1	12000
29-05-2020	Item-02	Bawang Putih 200 gram	1	15000
29-05-2020	Item-03	Gula Pasir Putih 1 kg	3	12500
29-05-2020	Item-04	Kopi Instant	3	5200
29-05-2020	Item-05	Mi Goreng Instant	2	2600
29-05-2020	Item-01	Batere AA	1	12000
29-05-2020	Item-02	Bawang Putih 200 gram	4	15000
29-05-2020	Item-03	Gula Pasir Putih 1 kg	3	12500
29-05-2020	Item-04	Kopi Instant	1	5200
29-05-2020	Item-05	Mi Goreng Instant	2	2600
29-05-2020	Item-03	Gula Pasir Putih 1 kg	1	12500
29-05-2020	Item-04	Kopi Instant	2	5200
29-05-2020	Item-05	Mi Goreng Instant	1	2600
29-05-2020	Item-01	Batere AA	2	12000
29-05-2020	Item-02	Bawang Putih 200 gram	2	15000
29-05-2020	Item-03	Gula Pasir Putih 1 kg	1	12500
29-05-2020	Item-04	Kopi Instant	4	5200
29-05-2020	Item-05	Mi Goreng Instant	1	2600
29-05-2020	Item-04	Kopi Instant	4	5200
29-05-2020	Item-05	Mi Goreng Instant	4	2600
29-05-2020	Item-04	Kopi Instant	3	5200
29-05-2020	Item-05	Mi Goreng Instant	3	2600
30-05-2020	Item-03	Gula Pasir Putih 1 kg	3	12500
30-05-2020	Item-04	Kopi Instant	2	5200
30-05-2020	Item-05	Mi Goreng Instant	1	2600
30-05-2020	Item-03	Gula Pasir Putih 1 kg	4	12500
30-05-2020	Item-04	Kopi Instant	4	5200
30-05-2020	Item-05	Mi Goreng Instant	1	2600
30-05-2020	Item-03	Gula Pasir Putih 1 kg	3	12500
30-05-2020	Item-04	Kopi Instant	1	5200
30-05-2020	Item-05	Mi Goreng Instant	2	2600
30-05-2020	Item-05	Mi Goreng Instant	1	2600
31-05-2020	Item-05	Mi Goreng Instant	2	2600
31-05-2020	Item-03	Gula Pasir Putih 1 kg	2	12500
31-05-2020	Item-04	Kopi Instant	2	5200
31-05-2020	Item-05	Mi Goreng Instant	4	2600
01-06-2020	Item-02	Bawang Putih 200 gram	2	15000
01-06-2020	Item-03	Gula Pasir Putih 1 kg	3	12500
01-06-2020	Item-04	Kopi Instant	4	5200
01-06-2020	Item-05	Mi Goreng Instant	4	2600
02-06-2020	Item-03	Gula Pasir Putih 1 kg	2	12500
02-06-2020	Item-04	Kopi Instant	3	5200
02-06-2020	Item-05	Mi Goreng Instant	3	2600
02-06-2020	Item-01	Batere AA	4	12000
02-06-2020	Item-02	Bawang Putih 200 gram	1	15000
02-06-2020	Item-03	Gula Pasir Putih 1 kg	3	12500
02-06-2020	Item-04	Kopi Instant	3	5200
02-06-2020	Item-05	Mi Goreng Instant	2	2600
02-06-2020	Item-05	Mi Goreng Instant	4	2600
03-06-2020	Item-01	Batere AA	4	12000
03-06-2020	Item-02	Bawang Putih 200 gram	1	15000
03-06-2020	Item-03	Gula Pasir Putih 1 kg	1	12500
03-06-2020	Item-04	Kopi Instant	1	5200
03-06-2020	Item-05	Mi Goreng Instant	3	2600
03-06-2020	Item-04	Kopi Instant	2	5200
03-06-2020	Item-05	Mi Goreng Instant	4	2600
03-06-2020	Item-04	Kopi Instant	1	5200
03-06-2020	Item-05	Mi Goreng Instant	1	2600
04-06-2020	Item-05	Mi Goreng Instant	4	2600
04-06-2020	Item-03	Gula Pasir Putih 1 kg	2	12500
04-06-2020	Item-04	Kopi Instant	1	5200
04-06-2020	Item-05	Mi Goreng Instant	2	2600
05-06-2020	Item-04	Kopi Instant	2	5200
05-06-2020	Item-05	Mi Goreng Instant	4	2600
05-06-2020	Item-02	Bawang Putih 200 gram	1	15000
05-06-2020	Item-03	Gula Pasir Putih 1 kg	4	12500
05-06-2020	Item-04	Kopi Instant	1	5200
05-06-2020	Item-05	Mi Goreng Instant	4	2600
05-06-2020	Item-03	Gula Pasir Putih 1 kg	2	12500
05-06-2020	Item-04	Kopi Instant	2	5200
05-06-2020	Item-05	Mi Goreng Instant	1	2600
06-06-2020	Item-01	Batere AA	2	12000
06-06-2020	Item-02	Bawang Putih 200 gram	1	15000
06-06-2020	Item-03	Gula Pasir Putih 1 kg	1	12500
06-06-2020	Item-04	Kopi Instant	1	5200
06-06-2020	Item-05	Mi Goreng Instant	4	2600
06-06-2020	Item-04	Kopi Instant	1	5200
06-06-2020	Item-05	Mi Goreng Instant	1	2600
07-06-2020	Item-04	Kopi Instant	4	5200
07-06-2020	Item-05	Mi Goreng Instant	4	2600
08-06-2020	Item-03	Gula Pasir Putih 1 kg	2	12500
08-06-2020	Item-04	Kopi Instant	1	5200
08-06-2020	Item-05	Mi Goreng Instant	1	2600
08-06-2020	Item-03	Gula Pasir Putih 1 kg	3	12500
08-06-2020	Item-04	Kopi Instant	1	5200
08-06-2020	Item-05	Mi Goreng Instant	3	2600
08-06-2020	Item-04	Kopi Instant	3	5200
08-06-2020	Item-05	Mi Goreng Instant	2	2600
11-06-2020	Item-01	Batere AA	2	12000
11-06-2020	Item-02	Bawang Putih 200 gram	4	15000
11-06-2020	Item-03	Gula Pasir Putih 1 kg	2	12500
11-06-2020	Item-04	Kopi Instant	3	5200
11-06-2020	Item-05	Mi Goreng Instant	3	2600
11-06-2020	Item-05	Mi Goreng Instant	1	2600
11-06-2020	Item-05	Mi Goreng Instant	3	2600
11-06-2020	Item-02	Bawang Putih 200 gram	1	15000
11-06-2020	Item-03	Gula Pasir Putih 1 kg	1	12500
11-06-2020	Item-04	Kopi Instant	3	5200
11-06-2020	Item-05	Mi Goreng Instant	1	2600
11-06-2020	Item-05	Mi Goreng Instant	3	2600
15-06-2020	Item-05	Mi Goreng Instant	3	2600
16-06-2020	Item-02	Bawang Putih 200 gram	2	15000
16-06-2020	Item-03	Gula Pasir Putih 1 kg	3	12500
16-06-2020	Item-04	Kopi Instant	4	5200
16-06-2020	Item-05	Mi Goreng Instant	3	2600
21-06-2020	Item-04	Kopi Instant	3	5200
21-06-2020	Item-05	Mi Goreng Instant	4	2600